Control number,Preferred term,BROADER TERM,USE FOR,SEE ALSO,SCOPE NOTE,SOURCE
CTItopical01339,Action and adventure,,,,,
CTItopical00001,Adventure,Action and adventure,,,,
CTItopical00002,Adventure games,Action and adventure,,,,
CTItopical00003,Castaways,Action and adventure,,Shipwrecks,,
CTItopical00004,Escapes,Action and adventure,,,,
CTItopical00005,Explorers,Action and adventure,,,,
CTItopical01329,Heroes,Action and adventure,Superheroes; Heroines,,,
CTItopical00006,Journeys,Action and adventure,Travel,,,
CTItopical00007,Pirates,Action and adventure,,,,
CTItopical00008,Quests,Action and adventure,,,,
CTItopical00009,Rescues,Action and adventure,,,,
CTItopical00010,Spies,Action and adventure,,,,
CTItopical00011,Survival,Action and adventure,,,,
CTItopical00016,Animals,,,,,
CTItopical00012,Aardvarks,Animals,,,,
CTItopical00013,Alligators,Animals,,,,
CTItopical00014,Animal homes,Animals,,,,
CTItopical00015,Animal noises,Animals,,,,
CTItopical00017,Ants,Animals,,,,
CTItopical00018,Apes,Animals,,,,
CTItopical00019,Aye-Ayes,Animals,,,,
CTItopical00020,Badgers,Animals,,,,
CTItopical00021,Bats,Animals,,,,
CTItopical00022,Bears,Animals,,Polar bears,,
CTItopical00023,Beavers,Animals,,,,
CTItopical00024,Bees,Animals,,,,
CTItopical00025,Beetles,Animals,,,,
CTItopical00026,Birds,Animals,,,,
CTItopical00027,Blackbirds,Animals,,,,
CTItopical01377,Budgies,Animals,Budgerigars,Birds,,
CTItopical00028,Buffaloes,Animals,,,,
CTItopical00029,Bulls,Animals,,,,
CTItopical00030,Butterflies,Animals,,,,
CTItopical00031,Camels,Animals,,,,
CTItopical00032,Caribou,Animals,,,,
CTItopical00033,Caterpillars,Animals,,,,
CTItopical00034,Cats,Animals,,Kittens,,
CTItopical00035,Centipedes,Animals,,,,
CTItopical00036,Chameleons,Animals,,,,
CTItopical00037,Chickens,Animals,Hens,Birds,,
CTItopical00038,Chimpanzees,Animals,,,,
CTItopical00039,Cockatoos,Animals,,Birds,,
CTItopical00040,Cows,Animals,,,,
CTItopical00041,Crabs,Animals,,,,
CTItopical00042,Cranes,Animals,,Birds,,
CTItopical00043,Crickets,Animals,,,,
CTItopical00044,Crocodiles,Animals,,,,
CTItopical00045,Crows,Animals,,Birds,,
CTItopical00046,Cuckoos,Animals,,Birds,,
CTItopical00047,Deer,Animals,,,,
CTItopical00048,Dinosaurs,Animals,,Pterodactyls,,
CTItopical00049,Dodos,Animals,,Birds,,
CTItopical00050,Dogs,Animals,,Guide dogs,,
CTItopical00051,Dolphins,Animals,,,,
CTItopical00052,Donkeys,Animals,,,,
CTItopical00053,Dormice,Animals,,,,
CTItopical00054,Doves,Animals,,Birds,,
CTItopical00055,Dragons,Animals,,,,
CTItopical00056,Ducks,Animals,,Birds,,
CTItopical00057,Eagles,Animals,,Birds,,
CTItopical00058,Eels,Animals,,,,
CTItopical00059,Elephants,Animals,, ,,
CTItopical00060,Endangered animals,Animals,,Extinction,,FAST
CTItopical00061,Falcons,Animals,,Birds,,
CTItopical00062,Fish,Animals,,,,
CTItopical00063,Flamingos,Animals,,Birds,,
CTItopical00064,Fleas,Animals,,,,
CTItopical00065,Foxes,Animals,,,,
CTItopical00066,Frogs,Animals,,,,
CTItopical00067,Geese,Animals,,Birds,,
CTItopical00068,Gerbils,Animals,,,,
CTItopical00069,Giraffes,Animals,,,,
CTItopical00070,Goats,Animals,,,,
CTItopical00071,Goldfish,Animals,,,,
CTItopical00072,Gorillas,Animals,,,,
CTItopical00073,Guinea pigs,Animals,,,,
CTItopical00074,Hamsters,Animals,,,,
CTItopical00075,Hares,Animals,,,,
CTItopical00076,Hedgehogs,Animals,,,,
CTItopical00078,Herons,Animals,,Birds,,
CTItopical00079,Hippos,Animals,,,,
CTItopical00080,Horses,Animals,,Ponies,,
CTItopical00081,Hummingbirds,Animals,,Birds,,
CTItopical00082,Hyenas,Animals,,,,
CTItopical00083,Insects,Animals,,,,
CTItopical00084,Jackdaws,Animals,,Birds,,
CTItopical00085,Jellyfish,Animals,,,,
CTItopical00086,Kangaroos,Animals,,,,
CTItopical00087,Kestrels,Animals,,Birds,,
CTItopical01331,Kingfishers,Animals,,Birds,,
CTItopical00088,Kittens,Animals,,Cats,,
CTItopical00089,Koalas,Animals,,,,
CTItopical00090,Ladybirds,Animals,,,,
CTItopical00091,Lambs,Animals,,,,
CTItopical00092,Leopards,Animals,,,,
CTItopical00093,Lions,Animals,,,,
CTItopical00094,Magpies,Animals,,Birds,,
CTItopical00095,Mammoths,Animals,,,,
CTItopical00096,Meerkats,Animals,,,,
CTItopical00097,Mice,Animals,,,,
CTItopical00098,Minibeasts,Animals,,,,
CTItopical00099,Moles,Animals,,,,
CTItopical00100,Monkeys,Animals,,,,
CTItopical00101,Moose,Animals,,,,
CTItopical00102,Naked mole rats,Animals,,,,
CTItopical00103,Nests,Animals,,Birds,,
CTItopical00104,Octopuses,Animals,,,,
CTItopical00105,Orangutans,Animals,,,,
CTItopical00106,Ostriches,Animals,,Birds,,
CTItopical00107,Otters,Animals,,,,
CTItopical00108,Owls,Animals,,Birds,,
CTItopical00109,Pandas,Animals,,,,
CTItopical00110,Panthers,Animals,,,,
CTItopical00111,Parrots,Animals,,Birds,,
CTItopical00112,Peacocks,Animals,,Birds,,
CTItopical00113,Penguins,Animals,,Birds,,
CTItopical00114,Pets,Animals,,,,
CTItopical00115,Pigeons,Animals,,Birds,,
CTItopical00116,Pigs,Animals,,,,
CTItopical00117,Platypuses,Animals,,,,
CTItopical00118,Polar bears,Animals,,,,
CTItopical00119,Ponies,Animals,,Horses,,
CTItopical00120,Prehistoric Animals,Animals,,,,
CTItopical00121,Pterodactyls,Animals,,Dinosaurs,,
CTItopical00122,Puffins,Animals,,,,
CTItopical00123,Puppies,Animals,,Dogs,,
CTItopical00124,Rabbits,Animals,,,,
CTItopical00125,Raccoons,Animals,,,,
CTItopical00126,Rats,Animals,,,,
CTItopical00127,Reindeer,Animals,,,,
CTItopical00128,Rhinoceroses,Animals,,,,
CTItopical00129,Robins,Animals,,Birds,,
CTItopical00130,Safari parks,Animals,,Zoos,,
CTItopical00131,Sea creatures,Animals,,,,
CTItopical00132,Seagulls,Animals,,Birds,,
CTItopical00133,Seals,Animals,,,,
CTItopical00134,Sharks,Animals,,,,
CTItopical00135,Sheep,Animals,,,,
CTItopical00136,Shrews,Animals,,,,
CTItopical00137,Sloths,Animals,,,,
CTItopical00138,Slugs,Animals,,Snails,,
CTItopical00139,Snails,Animals,,Slugs,,
CTItopical00140,Snakes,Animals,,,,
CTItopical00141,Sparrows,Animals,,Birds,,
CTItopical00142,Spiders,Animals,,,,
CTItopical00143,Squirrels,Animals,,,,
CTItopical00144,Swans,Animals,,Birds,,
CTItopical00145,Tadpoles,Animals,,,,
CTItopical00146,Tails,Animals,,,,
CTItopical00147,Tigers,Animals,,,,
CTItopical00148,Toads,Animals,,,,
CTItopical00149,Tortoises,Animals,,,,
CTItopical01337,Turkeys,Animals,,Birds,,
CTItopical00150,Turtles,Animals,,,,
CTItopical00152,Voles,Animals,,,,
CTItopical00153,Vultures,Animals,,Birds,,
CTItopical00154,Wallabies,Animals,,,,
CTItopical00155,Walruses,Animals,,,,
CTItopical00156,Whales,Animals,,,,
CTItopical00157,Wildlife,Animals,,,,
CTItopical00158,Wolves,Animals,,,,
CTItopical00159,Wombats,Animals,,,,
CTItopical00160,Woodpeckers,Animals,,Birds,,
CTItopical00161,Worms,Animals,,,,
CTItopical00163,Zebras,Animals,,,,
CTItopical00164,Zoos,Animals,,Safari parks,,
CTItopical00165,Art,,,,,
CTItopical00166,Clay modelling,Art,,,,
CTItopical00167,Crafts,Art,,,,
CTItopical00168,Drawing,Art,,Art,,
CTItopical00169,Painting,Art,,,,
CTItopical00170,Paper,Art,,,,
CTItopical01340,Bedtime and dreams,,,,,
CTItopical00171,Beds,Bedtime and dreams,,,,
CTItopical00172,Bedtime,Bedtime and dreams,,Night-time,,
CTItopical00173,Bedwetting,Bedtime and dreams,,,,
CTItopical00174,Daydreaming,Bedtime and dreams,,,,
CTItopical00175,Dreams,Bedtime and dreams,,Daydreaming,,
CTItopical00176,Nightmares,Bedtime and dreams,,Dreams,,
CTItopical00177,Sleep,Bedtime and dreams,,Bedtime,,
CTItopical01341,Body parts and growing up,,,,,
CTItopical00178,Bones,Body parts and growing up,,Skeletons,,
CTItopical00179,Brains,Body parts and growing up,,,,
CTItopical00180,Ears,Body parts and growing up,,,,
CTItopical00181,Eyes,Body parts and growing up,,Blindness; Sight; Glasses,,
CTItopical00182,Faces,Body parts and growing up,,,,
CTItopical00183,Feet,Body parts and growing up,,,,
CTItopical00184,Growing up,Body parts and growing up,,,,
CTItopical00185,Hair,Body parts and growing up,,,,
CTItopical00186,Hands,Body parts and growing up,,,,
CTItopical00187,Heads,Body parts and growing up,,,,
CTItopical00188,Human body,Body parts and growing up,Body,,,
CTItopical00189,Mouths,Body parts and growing up,,,,
CTItopical00190,Noses,Body parts and growing up,,,,
CTItopical00191,Periods,Body parts and growing up,Menstruation,,,
CTItopical00192,Puberty,Body parts and growing up,,,,
CTItopical00193,Teeth,Body parts and growing up,,,,
CTItopical00194,Toes,Body parts and growing up,,,,
CTItopical00195,Warts,Body parts and growing up,,,,
CTItopical01342,Literacy and reading,,,,,
CTItopical00196,Books,Literacy and reading,,,,
CTItopical00197,Information literacy,Literacy and reading,,Literacy; Misinformation,,
CTItopical00198,Libraries,Literacy and reading,,Mobile libraries; Librarians,,
CTItopical00199,Literacy,Literacy and reading,,Information literacy,,
CTItopical00200,Misinformation,Literacy and reading,Fake news; Propaganda,Information literacy,,
CTItopical00201,Mobile libraries,Literacy and reading,,Libraries; Librarians,,
CTItopical00202,Newspapers,Literacy and reading,,,,
CTItopical00203,Reading,Literacy and reading,,,,
CTItopical00205,Storytelling,Literacy and reading,,,,
CTItopical01343,Cleaning and hygiene,,,,,
CTItopical00206,Baths,Cleaning and hygiene,,,,
CTItopical00207,Cleaning,Cleaning and hygiene,,Housework,,
CTItopical00208,Cleanliness,Cleaning and hygiene,,,,
CTItopical00209,Housework,Cleaning and hygiene,,Cleaning,,
CTItopical00210,Tidiness,Cleaning and hygiene,,Untidiness,,
CTItopical00211,Washing,Cleaning and hygiene,,,,
CTItopical01344,Clothing and dress,,,,,
CTItopical00212,Clothing,Clothing and dress,,,,
CTItopical00213,Dressing up,Clothing and dress,Dressing,,,
CTItopical00214,Fashion,Clothing and dress,,,,
CTItopical00215,Hats,Clothing and dress,,,,
CTItopical00216,Knitting,Clothing and dress,,,,
CTItopical00217,National dress,Clothing and dress,,,,
CTItopical00218,Sewing,Clothing and dress,,,,
CTItopical00219,Shoes,Clothing and dress,,,,
CTItopical00220,Tartan,Clothing and dress,,,,
CTItopical00221,Underwear,Clothing and dress,,,,
CTItopical00222,Weaving,Clothing and dress,,,,
CTItopical00223,Wool,Clothing and dress,,,,
CTItopical00227,Communication,,,,,
CTItopical00224,Alphabet,Communication,,,,
CTItopical00225,Augmentative and alternative communication,Communication,AAC,Speech therapy; Speech disorders,"Augmentative and alternative communication (AAC) is a set of tools and strategies that an individual uses to solve everyday communicative challenges. Communication can take many forms such as: speech, a shared glance, text, gestures, facial expressions, touch, sign language, symbols, pictures, speech-generating devices, etc.",https://www.rcslt.org/speech-and-language-therapy/clinical-information/augmentative-and-alternative-communication/
CTItopical00226,Braille,Communication,,,,
CTItopical00228,Computers,Communication,Laptops,,,
CTItopical00229,Conversation,Communication,,,,
CTItopical00230,Diaries,Communication,,,,
CTItopical00231,Email,Communication,,,,
CTItopical00232,Grammar,Communication,,,,
CTItopical00233,Instructions,Communication,,,,
CTItopical00234,Internet,Communication,,,,
CTItopical00235,Languages,Communication,,,,
CTItopical00236,Letters,Communication,,Penfriends,,
CTItopical00237,Maps,Communication,,,,
CTItopical00238,Messaging apps,Communication,,,,
CTItopical00239,Pens,Communication,,,,
CTItopical00240,Phonics,Communication,,,,
CTItopical00241,Punctuation,Communication,,,,
CTItopical00242,Sign language,Communication,,,,
CTItopical00243,Social media,Communication,,,,
CTItopical00244,Tablets,Communication,,,,
CTItopical00245,Phones,Communication,Telephones; Mobile phones; Cellphones,,,
CTItopical00246,Words,Communication,,,,
CTItopical00247,Writing,Communication,,,,
CTItopical01345,Concepts and experiences,,,,,
CTItopical00248,Autumn,Concepts and experiences,,Seasons,,
CTItopical00249,Beauty,Concepts and experiences,,,,
CTItopical01338,Belonging,Concepts and experiences,,,,
CTItopical00250,Bets,Concepts and experiences,,,,
CTItopical00251,Colours,Concepts and experiences,,,,
CTItopical00252,Counting,Concepts and experiences,Numbers,,,
CTItopical00253,Danger,Concepts and experiences,,,,
CTItopical00254,Darkness,Concepts and experiences,,Night-time,,
CTItopical00255,Daytime,Concepts and experiences,,,,
CTItopical00256,Days of the week,Concepts and experiences,,,,
CTItopical00257,Fame,Concepts and experiences,,,,
CTItopical00258,Fate,Concepts and experiences,,,,
CTItopical00259,Flying,Concepts and experiences,Flight,,,
CTItopical00260,Freedom,Concepts and experiences,,,,
CTItopical00261,Future,Concepts and experiences,,,,
CTItopical00262,Hope,Concepts and experiences,,,,
CTItopical00263,Light,Concepts and experiences,,,,
CTItopical00264,Losing and finding,Concepts and experiences,,,,
CTItopical00265,Matching,Concepts and experiences,,,,
CTItopical00266,Mathematics,Concepts and experiences,,,,
CTItopical00267,Measuring,Concepts and experiences,,,,
CTItopical00268,Memories,Concepts and experiences,,Forgetfulness,,
CTItopical00269,Months,Concepts and experiences,,Seasons,,
CTItopical00270,Morning,Concepts and experiences,,,,
CTItopical00271,Night-time,Concepts and experiences,,Bedtime,,
CTItopical00272,Noise,Concepts and experiences,,Sounds,,
CTItopical00273,Opposites,Concepts and experiences,,,,
CTItopical00274,Patterns,Concepts and experiences,,,,
CTItopical00275,Peace,Concepts and experiences,,,,
CTItopical00276,Questions,Concepts and experiences,,,,
CTItopical00277,Safety,Concepts and experiences,,Road safety,,
CTItopical00278,Seasons,Concepts and experiences,,,,
CTItopical00279,Secrets,Concepts and experiences,,,,
CTItopical00280,Senses,Concepts and experiences,,,,
CTItopical00281,Shadows,Concepts and experiences,,,,
CTItopical00282,Shapes,Concepts and experiences,,,,
CTItopical00283,Sight,Concepts and experiences,,Blindness; Sight,,
CTItopical00284,Silence,Concepts and experiences,,,,
CTItopical00285,Size ,Concepts and experiences,,,,
CTItopical00286,Smell,Concepts and experiences,,Senses,,
CTItopical00287,Sounds,Concepts and experiences,,Noise,,
CTItopical00288,Speed,Concepts and experiences,,,,
CTItopical00289,Spring,Concepts and experiences,,Seasons,,
CTItopical00290,Summer,Concepts and experiences,,Seasons,,
CTItopical00291,Surprises,Concepts and experiences,,,,
CTItopical01334,Suspense,Concepts and experiences,,,,
CTItopical00292,Swaps,Concepts and experiences,,,,
CTItopical00293,Taste,Concepts and experiences,,Senses,,
CTItopical00294,Time,Concepts and experiences,,Clocks,,
CTItopical00295,Touch,Concepts and experiences,,Senses,,
CTItopical00296,Trust,Concepts and experiences,,,,
CTItopical00297,Truth,Concepts and experiences,,,,
CTItopical00298,Upside-down,Concepts and experiences,,,,
CTItopical00299,Winter,Concepts and experiences,,Seasons,,
CTItopical00300,Wisdom,Concepts and experiences,,,,
CTItopical00308,Disability,,,,,
CTItopical00301,Apraxias,Disability,Dyspraxia,,,MeSH
CTItopical00302,Assistance animals,Disability,,,,
CTItopical00303,Blindness,Disability,,Deafblindness; Visual impairment,,
CTItopical00304,Cerebral palsy,Disability,,,,FAST
CTItopical00305,Deafblindness,Disability,Deaf-blindness,Blindness; Deafness; Hearing impairments; Visual impairments,,NHS Inform
CTItopical00306,Deafness,Disability,,Deafblindness; Hearing impairments,,
CTItopical00307,Developmental disability,Disability,,,,CHTNUK Inclusive Terminology Glossary
CTItopical00309,Down's syndrome,Disability,,,,CHTNUK Inclusive Terminology Glossary
CTItopical00310,Dwarfism,Disability,,,,CHTNUK Inclusive Terminology Glossary
CTItopical00311,Dyscalculia,Disability,,,,MeSH
CTItopical00312,Dyslexia,Disability,,,,
CTItopical00313,Epilepsy,Disability,,,,
CTItopical00314,Guide dogs,Disability,Service dogs; Assistance dogs,,,
CTItopical00315,Hearing impairments,Disability,Hearing disorders; Hearing disabilities; Hard of hearing; Hearing loss,,,https://spectrumcil.co.uk/wp-content/uploads/2018/02/ULO19-The-Language-of-Disability.pdf
CTItopical00316,Invisible disabilities,Disability,,,,"School of Humanities GEDI Committee. Inclusive Language Guide, September 2022"
CTItopical00317,Learning difficulties,Disability,,,,
CTItopical00318,Learning disability,Disability,Mental handicap,,,
CTItopical00319,Multiple sclerosis,Disability,,,,NHS Inform
CTItopical00320,Muscular dystrophy,Disability,,,,MeSH
CTItopical00321,Nonverbal,Disability,,Selective mutism; Speech disorders; Autism,,MeSH
CTItopical00322,Speech disorders,Disability,Speech impairments; Speech impediments; Dysphasia; Aphasia,Stuttering; Nonverbal; Speech therapy; Augmentative and alternative communication,,MeSH
CTItopical00323,Speech therapy,Disability,,Speech disorders; Augmentative and alternative communication,,
CTItopical00324,Spina bifida,Disability,,,,NHS
CTItopical00325,Stammering,Disability,Stuttering,Speech disorders,,NHS
CTItopical00326,Visual impairments,Disability,Visual disorders; Visual disabilities; Sight loss,,,https://spectrumcil.co.uk/wp-content/uploads/2018/02/ULO19-The-Language-of-Disability.pdf
CTItopical00327,Wheelchairs,Disability,,,,
CTItopical00330,Diversity,,,Multicultural,,
CTItopical00328,Culture,Diversity,,Multicultural,,FAST
CTItopical00329,Decolonisation,Diversity,,,,FAST
CTItopical00331,Equality,Diversity,,,,
CTItopical00332,Ethnicity,Diversity,,Multiethnic,,
CTItopical00333,Multicultural,Diversity,,Culture; Diversity,,
CTItopical00334,Multiethnic,Diversity,,Ethnicity,,
CTItopical00335,Multiracial,Diversity,,Race,,
CTItopical00336,Race,Diversity,,Multiracial,,
CTItopical00337,Tolerance,Diversity,,,,
CTItopical01346,Feelings and personality,,,,,
CTItopical00338,Anger,Feelings and personality,Temper,,,
CTItopical00339,Arguments,Feelings and personality,,,,
CTItopical00340,Boasting,Feelings and personality,,,,
CTItopical00341,Boredom,Feelings and personality,,,,
CTItopical00342,Bossiness,Feelings and personality,,,,
CTItopical00343,Caring,Feelings and personality,,,,
CTItopical00344,Cheating,Feelings and personality,,,,
CTItopical00345,Clumsiness,Feelings and personality,,,,
CTItopical00346,Confidence,Feelings and personality,,,,
CTItopical00347,Courage,Feelings and personality,,,,
CTItopical00348,Cruelty,Feelings and personality,,,,
CTItopical00349,Cunning ,Feelings and personality,,,,
CTItopical00350,Curiosity,Feelings and personality,,,,
CTItopical00351,Dares,Feelings and personality,,,,
CTItopical00352,Deceit,Feelings and personality,,,,
CTItopical00353,Dislikes,Feelings and personality,,,,
CTItopical00354,Embarrassment,Feelings and personality,,,,
CTItopical00355,Emotions,Feelings and personality,,,,
CTItopical00356,Empathy,Feelings and personality,,,,
CTItopical00357,Fear,Feelings and personality,,Phobias,,
CTItopical00358,Fighting,Feelings and personality,,,,
CTItopical00359,Forgetfulness,Feelings and personality,,Memories,,
CTItopical00360,Generosity,Feelings and personality,,,,
CTItopical00361,Gossip,Feelings and personality,,,,
CTItopical00362,Greed,Feelings and personality,,,,
CTItopical00363,Grief,Feelings and personality,Bereavement,,,
CTItopical00364,Guilt,Feelings and personality,,,,
CTItopical00365,Happiness,Feelings and personality,,,,
CTItopical00366,Haste,Feelings and personality,,,,
CTItopical00367,Helping,Feelings and personality,,,,
CTItopical00368,Hunger,Feelings and personality,,,,
CTItopical00369,Jealousy,Feelings and personality,,,,
CTItopical00370,Laziness,Feelings and personality,,,,
CTItopical00371,Likes,Feelings and personality,,,,
CTItopical00372,Loneliness,Feelings and personality,,,,
CTItopical00373,Loyalty,Feelings and personality,,,,
CTItopical00374,Meanness,Feelings and personality,,,,
CTItopical00375,Mischief,Feelings and personality,,,,
CTItopical00376,Misfits,Feelings and personality,,,,
CTItopical00377,Nonsense,Feelings and personality,,,,
CTItopical00378,Nosiness,Feelings and personality,,,,
CTItopical00379,Obedience,Feelings and personality,,,,
CTItopical00380,Patience,Feelings and personality,,,,
CTItopical00381,Pity,Feelings and personality,,,,
CTItopical00382,Praise,Feelings and personality,,,,
CTItopical00383,Pride,Feelings and personality,,,,
CTItopical00384,Promises,Feelings and personality,,,,
CTItopical00385,Quarrels,Feelings and personality,,,,
CTItopical00386,Responsibility,Feelings and personality,,,,
CTItopical00387,Revenge,Feelings and personality,,,,
CTItopical00388,Rudeness,Feelings and personality,,,,
CTItopical00389,Sabotage,Feelings and personality,,,,
CTItopical00390,Sadness,Feelings and personality,,,,
CTItopical00391,Self esteem,Feelings and personality,,,,
CTItopical00392,Selfishness,Feelings and personality,,,,
CTItopical00393,Show-offs,Feelings and personality,,,,
CTItopical00394,Shyness,Feelings and personality,,,,
CTItopical00395,Skills ,Feelings and personality,,,,
CTItopical00396,Social skills,Feelings and personality,,,,
CTItopical00397,Spite,Feelings and personality,,,,
CTItopical00398,Strength,Feelings and personality,,,,
CTItopical00399,Stress,Feelings and personality,,,,
CTItopical00400,Sulking,Feelings and personality,,,,
CTItopical00401,Table manners,Feelings and personality,,,,
CTItopical00402,Talents,Feelings and personality,,,,
CTItopical00403,Talkativeness,Feelings and personality,,,,
CTItopical00404,Temptations,Feelings and personality,,,,
CTItopical00405,Trickery,Feelings and personality,,,,
CTItopical00406,Untidiness,Feelings and personality,,Tidiness,,
CTItopical00407,Vanity,Feelings and personality,,,,
CTItopical00408,Worry,Feelings and personality,,Anxiety,,
CTItopical01347,"Fairy tales, legends, myths and folklore",,,,,
CTItopical00409,Aesop's fables,"Fairy tales, legends, myths and folklore",,,,
CTItopical00410,Alchemists,"Fairy tales, legends, myths and folklore",,,,
CTItopical00411,Allegory,"Fairy tales, legends, myths and folklore",,,,
CTItopical00412,"Arthur, King","Fairy tales, legends, myths and folklore",,,,
CTItopical00413,Atlantis,"Fairy tales, legends, myths and folklore",,,,
CTItopical00414,Boadicea,"Fairy tales, legends, myths and folklore",,,,
CTItopical00415,Celtic legends,"Fairy tales, legends, myths and folklore",,,,
CTItopical00416,Changelings,"Fairy tales, legends, myths and folklore",,,,
CTItopical00417,Cinderella,"Fairy tales, legends, myths and folklore",,,,
CTItopical00418,Devils,"Fairy tales, legends, myths and folklore",,,,
CTItopical00419,Elves,"Fairy tales, legends, myths and folklore",,,,
CTItopical00420,Fables,"Fairy tales, legends, myths and folklore",,Aesop's fables,,
CTItopical00421,Fairies,"Fairy tales, legends, myths and folklore",,,,
CTItopical00422,Fairy tales,"Fairy tales, legends, myths and folklore",,Folk tales,,
CTItopical00423,Folk tales,"Fairy tales, legends, myths and folklore",,Fairy tales,,
CTItopical00424,Genies,"Fairy tales, legends, myths and folklore",,,,
CTItopical00425,"George, Saint","Fairy tales, legends, myths and folklore",,,,
CTItopical00426,Giants,"Fairy tales, legends, myths and folklore",,,,
CTItopical00427,Gnomes,"Fairy tales, legends, myths and folklore",,,,
CTItopical00428,Goblins,"Fairy tales, legends, myths and folklore",,,,
CTItopical00429,Goldilocks,"Fairy tales, legends, myths and folklore",,,,
CTItopical00430,Hansel and Gretel,"Fairy tales, legends, myths and folklore",,,,
CTItopical00431,"Hood, Robin","Fairy tales, legends, myths and folklore",,,,
CTItopical00432,Kelpies,"Fairy tales, legends, myths and folklore",,,,
CTItopical00433,Legends,"Fairy tales, legends, myths and folklore",,Celtic legends,,
CTItopical00434,Leprechauns,"Fairy tales, legends, myths and folklore",,,,
CTItopical00435,Loch Ness Monster,"Fairy tales, legends, myths and folklore",,,,
CTItopical00436,"Marian, Maid","Fairy tales, legends, myths and folklore",,,,
CTItopical00437,Medieval legends,"Fairy tales, legends, myths and folklore",,,,
CTItopical00438,Mermaids,"Fairy tales, legends, myths and folklore",,,,
CTItopical00439,Miniature people,"Fairy tales, legends, myths and folklore",,,,
CTItopical00440,Monsters,"Fairy tales, legends, myths and folklore",,Giants,,
CTItopical00441,Mythical animals,"Fairy tales, legends, myths and folklore",,Dragons,,
CTItopical00442,Myths,"Fairy tales, legends, myths and folklore",,Folk tales,,
CTItopical00443,Parables,"Fairy tales, legends, myths and folklore",,,,
CTItopical00444,Pied Piper of Hamelin,"Fairy tales, legends, myths and folklore",,,,
CTItopical00445,Puck,"Fairy tales, legends, myths and folklore",,,,
CTItopical00446,Red Riding Hood,"Fairy tales, legends, myths and folklore",,,,
CTItopical00447,Selkies,"Fairy tales, legends, myths and folklore",,,,
CTItopical00448,Shape-shifters,"Fairy tales, legends, myths and folklore",,,,
CTItopical00449,Snow White,"Fairy tales, legends, myths and folklore",,,,
CTItopical00450,Superstitions,"Fairy tales, legends, myths and folklore",,,,
CTItopical00451,Trolls,"Fairy tales, legends, myths and folklore",,,,
CTItopical00151,Unicorns,"Fairy tales, legends, myths and folklore",,,,
CTItopical00452,Vampires,"Fairy tales, legends, myths and folklore",Dracula,,,
CTItopical00453,Werewolves,"Fairy tales, legends, myths and folklore",,,,
CTItopical00454,Witches,"Fairy tales, legends, myths and folklore",,,,
CTItopical00455,Wizards,"Fairy tales, legends, myths and folklore",,Magicians,,
CTItopical00162,Yeti,"Fairy tales, legends, myths and folklore",,,,
CTItopical00456,Zombies,"Fairy tales, legends, myths and folklore",,,,
CTItopical01348,Family,,,,,
CTItopical00457,Adoption,Family,,,,
CTItopical00458,Arranged marriage,Family,,Marriage,,
CTItopical00459,Aunts,Family,,Uncles,,
CTItopical00460,Babies,Family,,Birth; Pregnancy,,
CTItopical00461,Birth,Family,,Babies,,
CTItopical00462,Brothers,Family,,Stepbrothers,,
CTItopical00463,Care experienced children,Family,Looked after children,,,https://www.gov.scot/policies/looked-after-children/
CTItopical00464,Care homes,Family,,,,https://www.gov.scot/policies/looked-after-children/
CTItopical00465,Children's homes,Family,,Foster homes,,
CTItopical00466,Civil partnerships,Family,,Marriage; Partners,,
CTItopical00467,Cousins,Family,,,,
CTItopical00468,Daughters,Family,,,,
CTItopical00469,Divorce,Family,,Separation,,
CTItopical00470,Estrangement,Family,,,,
CTItopical00471,Families,Family,,,,
CTItopical00472,Family history,Family,Family heritage,,,
CTItopical00473,Family problems,Family,,,,
CTItopical00474,Fathers,Family,,Stepfathers,,
CTItopical00475,Foster homes,Family,,Children's homes,,
CTItopical00476,Funerals,Family,,,,
CTItopical00477,Grandchildren,Family,,,,
CTItopical00478,Grandfathers,Family,,Grandparents,,
CTItopical00479,Grandmothers,Family,,Grandparents,,
CTItopical00480,Grandparents,Family,,Grandfathers; Grandmothers,,
CTItopical00481,Husband,Family,,Marriage; Same-sex marriage; Wife,,
CTItopical00482,Kinship care,Family,,,Kinship care is when a child is looked after by their extended family or close friends if they cannot remain with their birth parents.,https://www.gov.scot/policies/looked-after-children/kinship-care/
CTItopical00483,Life story work,Family,Life story books,,"Life story work is a social work intervention with children and adults designed to recognise their past, present, and future. It is prominently used with children who will be adopted, and older adults as part of reminiscence therapies. Life story books are often incorporated into this work to give a visual aid and reminder of important events or feelings.",https://en.wikipedia.org/wiki/Life_story_work
CTItopical00484,Marriage,Family,,Same-sex marriage; Civil partnerships; Partners; Husband; Wife,,
CTItopical00485,Mothers,Family,,Stepmothers,,
CTItopical00486,Names,Family,,,,
CTItopical00487,Nephews,Family,,,,
CTItopical00488,Nieces,Family,,,,
CTItopical00489,Orphans,Family,,,,
CTItopical00490,Parents,Family,,Single Parents; Stepfathers; Stepmothers; Same-sex parents,,
CTItopical00491,Partners,Family,,Marriage; Civil partnerships,,
CTItopical00492,Pregnancy,Family,,Babies,,
CTItopical00493,Same-sex marriage,Family,,Marriage,,
CTItopical00494,Same-sex parents,Family,,Parents,,
CTItopical00495,Separation,Family,,,,
CTItopical00496,Single parents,Family,,Divorce; Separation,,
CTItopical00497,Sisters,Family,,Stepsisters,,
CTItopical00498,Sons,Family,,,,
CTItopical00499,Stepbrothers,Family,,Stepfamilies; Brothers,,
CTItopical00500,Stepfamilies,Family,Blended families,,,
CTItopical00501,Stepfathers,Family,,Fathers; Stepfamilies,,
CTItopical00502,Stepmothers,Family,,Mothers; Stepfamilies,,
CTItopical00503,Stepsisters,Family,,Stepfamilies; Sisters,,
CTItopical00504,Twins,Family,,,,
CTItopical00505,Uncles,Family,,Aunts,,
CTItopical00506,Visits,Family,,,,
CTItopical00507,Weddings,Family,,Marriage,,
CTItopical00508,Wife,Family,,Marriage; Same-sex marriage; Husband,,
CTItopical01349,Fantasy and magic,,,,,
CTItopical00509,Animal fantasy,Fantasy and magic,,,,
CTItopical00510,Fantasies,Fantasy and magic,,,,
CTItopical00511,Magic,Fantasy and magic,,Spells,,
CTItopical00512,Magicians,Fantasy and magic,,Wizards,,
CTItopical00513,Spells,Fantasy and magic,,Magic,,
CTItopical01335,Time travel,Fantasy and magic,,,,
CTItopical01350,Food and cooking,,,,,
CTItopical00514,Apples,Food and cooking,, ,,
CTItopical00515,Baking,Food and cooking,,Cooking,,
CTItopical00516,Bananas,Food and cooking,,,,
CTItopical00517,Bread,Food and cooking,,,,
CTItopical00518,Breakfast,Food and cooking,,,,
CTItopical00519,Cafes,Food and cooking,,,,
CTItopical00520,Cheese,Food and cooking,,,,
CTItopical00521,Chewing gum,Food and cooking,Bubble gum,,,
CTItopical00522,Chocolate,Food and cooking,,,,
CTItopical00523,Cooking,Food and cooking,,Baking,,
CTItopical00524,Dairy,Food and cooking,,,,
CTItopical00525,Dessert,Food and cooking,,,,
CTItopical00526,Dinner,Food and cooking,,,,
CTItopical00527,Eating,Food and cooking,,Cooking,,
CTItopical00528,Eggs,Food and cooking,,,,
CTItopical00529,Factory farming,Food and cooking,,,,
CTItopical00530,Farming,Food and cooking,,Factory farming,,
CTItopical00531,Food,Food and cooking,,Cooking,,
CTItopical00532,Fruit,Food and cooking,,,,
CTItopical00533,Gluten-free diet,Food and cooking,,,,
CTItopical00534,Halal food,Food and cooking,,,,
CTItopical00535,Harvest,Food and cooking,,,,
CTItopical00536,Honey,Food and cooking,,,,
CTItopical00537,Ice cream,Food and cooking,,,,
CTItopical00538,Jam,Food and cooking,,,,
CTItopical00539,Jelly,Food and cooking,,,,
CTItopical00540,Kitchens,Food and cooking,,,,
CTItopical00541,Kosher,Food and cooking,,,,
CTItopical00542,Lunch,Food and cooking,,,,
CTItopical00543,Meat,Food and cooking,,,,
CTItopical00544,Milk,Food and cooking,,,,
CTItopical00545,Pancakes,Food and cooking,,,,
CTItopical00546,Pears,Food and cooking,,,,
CTItopical00547,Picnics,Food and cooking,,,,
CTItopical00548,Potatoes,Food and cooking,,,,
CTItopical00549,Pumpkins,Food and cooking,,,,
CTItopical00550,Restaurants,Food and cooking,,,,
CTItopical00551,Seafood,Food and cooking,,,,
CTItopical00552,Sweets,Food and cooking,, ,,
CTItopical00553,Tea,Food and cooking,,,,
CTItopical00554,Tomatoes,Food and cooking,,,,
CTItopical00555,Veganism,Food and cooking,Plant-based diet,,,
CTItopical00556,Vegetables,Food and cooking,,,,
CTItopical00557,Vegetarianism,Food and cooking,,,,
CTItopical01351,Ghosts and supernatural,,,,,
CTItopical00558,Aliens,Ghosts and supernatural,,,,
CTItopical00559,Ghosts,Ghosts and supernatural,,Supernatural,,
CTItopical00560,Second sight,Ghosts and supernatural,,,,
CTItopical00561,Skeletons ,Ghosts and supernatural,,Bones,,
CTItopical00562,Supernatural,Ghosts and supernatural,,Ghosts,,
CTItopical00563,Telepathy,Ghosts and supernatural,,,,
CTItopical00564,UFOs,Ghosts and supernatural,,,,
CTItopical01352,Health and daily life,,,,,
CTItopical00565,Accidents,Health and daily life,,,,
CTItopical00566,AIDS,Health and daily life,,HIV,,
CTItopical00567,Alcohol problems,Health and daily life,Alcohol abuse; Alcohol misuse,,,https://www.nhsinform.scot/stigma
CTItopical00568,Allergies,Health and daily life,,,,
CTItopical00569,Alzheimer's disease,Health and daily life,,,,
CTItopical00570,Asthma,Health and daily life,,,,
CTItopical00571,Body image,Health and daily life,Body positivity,,,
CTItopical00572,Cancer,Health and daily life,,Illness; Skin diseases,,
CTItopical00573,Cosmetic surgery,Health and daily life,,,,
CTItopical00574,Covid-19 ,Health and daily life,,Illness,,
CTItopical00575,Coughs,Health and daily life,,,,
CTItopical00576,Colds ,Health and daily life,, ,,
CTItopical00577,Daily routine,Health and daily life,,,,
CTItopical00578,Dementia,Health and daily life,,,,
CTItopical00579,Diabetes,Health and daily life,,,,
CTItopical00580,Drug problems,Health and daily life,,,,https://www.nhsinform.scot/stigma
CTItopical00581,Fabricated or induced illness,Health and daily life,FII; Munchausen syndrome by proxy; Munchausen's syndrome by proxy,Child abuse,Fabricated or induced illness (FII) is a rare form of child abuse. It happens when a parent or carer exaggerates or deliberately causes symptoms of illness in the child.,https://www.nhs.uk/mental-health/conditions/fabricated-or-induced-illness/overview/
CTItopical00582,Fasting,Health and daily life,,,,
CTItopical00583,Flu,Health and daily life,,,,
CTItopical00584,Glasses,Health and daily life,Spectacles,Sight; Second sight,,
CTItopical00585,Health,Health and daily life,,,,
CTItopical00586,Hearing,Health and daily life,,Deafness,,
CTItopical00587,Hiccups,Health and daily life,,,,
CTItopical00588,HIV,Health and daily life,,AIDS,,
CTItopical00589,Hospitals,Health and daily life,,Doctors,,
CTItopical00590,Illness,Health and daily life,Diseases,Cancer,,
CTItopical00591,Lockdown,Health and daily life,,,,
CTItopical00592,Chronic illness,Health and daily life,Long-term illness,,,https://spectrumcil.co.uk/wp-content/uploads/2018/02/ULO19-The-Language-of-Disability.pdf
CTItopical00593,Measles,Health and daily life,,,,
CTItopical00594,Medicine,Health and daily life,,,,
CTItopical00595,Nits,Health and daily life,,,,
CTItopical00596,Old age,Health and daily life,,Older people,,
CTItopical00597,Problem gambling,Health and daily life,Gambling addiction,Gambling,,NHS Inform
CTItopical00598,Inhalers,Health and daily life,Puffers,,,
CTItopical00599,Skin diseases,Health and daily life,,,,
CTItopical00600,Diet,Health and daily life,,,,
CTItopical00601,Smoking,Health and daily life,,,,
CTItopical00602,Sneezes,Health and daily life,,,,
CTItopical00603,Toilet training,Health and daily life,Potty training,,,
CTItopical00604,Toilets,Health and daily life,,,,
CTItopical00605,Tourette syndrome,Health and daily life,Tourette's syndrome; Tourette's,,,MeSH
CTItopical00606,Transplants,Health and daily life,,,,
CTItopical00607,Vaccines,Health and daily life,Vaccinations; Inoculation,,,
CTItopical00608,Weight,Health and daily life,,,,
CTItopical00622,History,,Past,,,
CTItopical00609,Bronze Age,History,,,,
CTItopical00610,Cavemen,History,,Prehistory,,
CTItopical00611,Celts,History,,,,
CTItopical00612,Civil war,History,,,,
CTItopical00613,Clans,History,,,,
CTItopical00614,Crusades,History,,,,
CTItopical00615,Edwardians,History,,,,
CTItopical00616,"Egypt, Ancient",History,,,,
CTItopical00617,"Flodden, Battle of",History,,,,
CTItopical00618,Gladiators,History,,,,
CTItopical00619,Glencoe Massacre,History,,,,
CTItopical00620,"Greece, Ancient",History,,,,
CTItopical00621,Gulf War,History,,,,
CTItopical00623,Holocaust,History,,Jews,,
CTItopical00624,Industrial revolution,History,,,,
CTItopical00625,Jacobites,History,,,,
CTItopical00626,Knights,History,,,,
CTItopical00627,Medieval Britain,History,,,,
CTItopical00628,Millennium,History,,,,
CTItopical00629,Mummies,History,,,,
CTItopical00630,Museums,History,,,,
CTItopical00631,Normans,History,,,,
CTItopical00632,Pioneers,History,,,,
CTItopical00633,Plague,History,Black Death,,,
CTItopical00634,Prehistory,History,,Cavemen,,
CTItopical00635,Roman Britain,History,,,,
CTItopical00636,Romans,History,,,,
CTItopical00637,Saxons,History,,,,
CTItopical00638,Shipwrecks,History,,Castaways,,
CTItopical00639,Slavery,History,,Modern slavery,"Use to describe works with depcitions of historical slavery, such as the Transatlantic slave trade. For depictions of slavery today, use Modern slavery",
CTItopical00640,Stonehenge,History,,,,
CTItopical00641,Suffragettes,History,,,,
CTItopical00642,Victorians,History,,,,
CTItopical00643,Vikings,History,,,,
CTItopical00644,Wild West,History,,Cowboys,,
CTItopical00645,"World War, 1914-1918",History,,,,
CTItopical00646,"World War, 1939-1945",History,,,,
CTItopical01353,Holidays and celebrations (including religious holidays),,,,,
CTItopical00647,Birthdays,Holidays and celebrations (including religious holidays),,,,
CTItopical00648,Bonfires,Holidays and celebrations (including religious holidays),,Fireworks; Fire,,
CTItopical00649,Celebrations,Holidays and celebrations (including religious holidays),,Festivals,,
CTItopical00650,Christmas,Holidays and celebrations (including religious holidays),,,,https://www.strath.ac.uk/studywithus/ourcampus/whatsoncampus/faithspiritualitysupport/guidanceforstaffonreligiousfestivalsandregularobservances/
CTItopical00651,Diwali,Holidays and celebrations (including religious holidays),,,,https://www.strath.ac.uk/studywithus/ourcampus/whatsoncampus/faithspiritualitysupport/guidanceforstaffonreligiousfestivalsandregularobservances/
CTItopical00652,Easter,Holidays and celebrations (including religious holidays),,,,https://www.strath.ac.uk/studywithus/ourcampus/whatsoncampus/faithspiritualitysupport/guidanceforstaffonreligiousfestivalsandregularobservances/
CTItopical00653,Eid-al-Adha,Holidays and celebrations (including religious holidays),,,,https://www.strath.ac.uk/studywithus/ourcampus/whatsoncampus/faithspiritualitysupport/guidanceforstaffonreligiousfestivalsandregularobservances/
CTItopical00654,Eid al-Fitr,Holidays and celebrations (including religious holidays),,,,https://www.strath.ac.uk/studywithus/ourcampus/whatsoncampus/faithspiritualitysupport/guidanceforstaffonreligiousfestivalsandregularobservances/
CTItopical00655,Father's Day,Holidays and celebrations (including religious holidays),,,,
CTItopical00656,Fairs,Holidays and celebrations (including religious holidays),,,,
CTItopical00657,Festivals,Holidays and celebrations (including religious holidays),,Celebrations,,
CTItopical00658,Fireworks,Holidays and celebrations (including religious holidays),,Bonfires,,
CTItopical00659,Guru Nanak,Holidays and celebrations (including religious holidays),,,,https://www.strath.ac.uk/studywithus/ourcampus/whatsoncampus/faithspiritualitysupport/guidanceforstaffonreligiousfestivalsandregularobservances/
CTItopical00660,Halloween,Holidays and celebrations (including religious holidays),,Devils,,
CTItopical00661,Hanukkah,Holidays and celebrations (including religious holidays),,,,https://www.interfaith.org.uk/resources/religious-festivals
CTItopical00662,Holidays,Holidays and celebrations (including religious holidays),,,,
CTItopical00663,Lunar New Year,Holidays and celebrations (including religious holidays),Chinese New Year,,,
CTItopical00664,Mother's day,Holidays and celebrations (including religious holidays),,,,
CTItopical00665,New Year,Holidays and celebrations (including religious holidays),,,,
CTItopical00666,Parties,Holidays and celebrations (including religious holidays),,,,
CTItopical00667,Passover,Holidays and celebrations (including religious holidays),Pesach,,,https://www.strath.ac.uk/studywithus/ourcampus/whatsoncampus/faithspiritualitysupport/guidanceforstaffonreligiousfestivalsandregularobservances/
CTItopical00668,Gifts,Holidays and celebrations (including religious holidays),Presents,,,
CTItopical00669,Ramadan,Holidays and celebrations (including religious holidays),,,,https://www.strath.ac.uk/studywithus/ourcampus/whatsoncampus/faithspiritualitysupport/guidanceforstaffonreligiousfestivalsandregularobservances/
CTItopical00670,Valentine's Day,Holidays and celebrations (including religious holidays),,,,
CTItopical00671,Vesak,Holidays and celebrations (including religious holidays),,,,https://www.strath.ac.uk/studywithus/ourcampus/whatsoncampus/faithspiritualitysupport/guidanceforstaffonreligiousfestivalsandregularobservances/
CTItopical00672,Yom Kippur,Holidays and celebrations (including religious holidays),,,,https://www.strath.ac.uk/studywithus/ourcampus/whatsoncampus/faithspiritualitysupport/guidanceforstaffonreligiousfestivalsandregularobservances/
CTItopical01354,Home and buildings,,,,,
CTItopical00673,Building,Home and buildings,,,,
CTItopical00674,Carpets,Home and buildings,,,,
CTItopical00675,Castles,Home and buildings,,,,
CTItopical00676,Chairs,Home and buildings,,,,
CTItopical00677,Decorating,Home and buildings,,,,
CTItopical00678,Doors,Home and buildings,,,,
CTItopical00679,Flats,Home and buildings,,Houses; Home,,
CTItopical00680,Garages,Home and buildings,,,,
CTItopical00681,Gardens,Home and buildings,,,,
CTItopical00682,Home,Home and buildings,,Houses; Flats,,
CTItopical00683,Hotels,Home and buildings,,,,
CTItopical00684,Houses,Home and buildings,,Flats; Home,,
CTItopical00685,Lighthouses,Home and buildings,,,,
CTItopical00686,Moving house,Home and buildings,,,,
CTItopical00687,Neighbours,Home and buildings,,,,
CTItopical00688,Piers,Home and buildings,,,,
CTItopical00689,Streets,Home and buildings,,,,
CTItopical00690,Humour,,,Jokes,,
CTItopical00691,Jokes,Humour,,Humour,,
CTItopical00692,Laughter,Humour,,,,
CTItopical00693,Practical jokes,Humour,,,,
CTItopical00694,Puns,Humour,,,,
CTItopical01355,Imagination and play,,,,,
CTItopical01330,Hidden objects,Imagination and play,,,,
CTItopical00695,Imaginary friends,Imagination and play,,,,
CTItopical00696,Imaginary lands,Imagination and play,,,,
CTItopical00697,Imagination,Imagination and play,,Make-believe,,
CTItopical00698,Invisibility,Imagination and play,,,,
CTItopical00699,Make-believe,Imagination and play,,Imagination,,
CTItopical00700,Play,Imagination and play,,,,
CTItopical00701,Playgrounds ,Imagination and play,,,,
CTItopical00702,Playgroups,Imagination and play,,,,
CTItopical00703,Role-playing,Imagination and play,,,,
CTItopical00704,Snowmen,Imagination and play,,,,
CTItopical00705,Tickling,Imagination and play,,,,
CTItopical00706,Villains,Imagination and play,Baddies,,,
CTItopical00707,Wishes,Imagination and play,,,,
CTItopical01356,"Jobs, businesses and public services",,,,,
CTItopical00708,Ambulances,"Jobs, businesses and public services",,Paramedics; Emergency services,,
CTItopical00709,Babysitters,"Jobs, businesses and public services",,Childminders,,
CTItopical00710,Business,"Jobs, businesses and public services",,,,
CTItopical00711,Bus drivers,"Jobs, businesses and public services",,,,
CTItopical00712,Careers,"Jobs, businesses and public services",,Jobs,,
CTItopical00713,Childminders,"Jobs, businesses and public services",Nannies,Babysitters,,
CTItopical00714,Coastguard,"Jobs, businesses and public services",,Emergency services; Lifeboats,,
CTItopical00715,Dentists,"Jobs, businesses and public services",,,,
CTItopical00716,Detectives,"Jobs, businesses and public services",,Crime; Stealing,,
CTItopical00717,Doctors,"Jobs, businesses and public services",,,,
CTItopical00718,Refuse workers,"Jobs, businesses and public services",,,,
CTItopical00719,Factories,"Jobs, businesses and public services",,,,
CTItopical00720,Emergency services,"Jobs, businesses and public services",,Police officers; Firefighters; Paramedics; Ambulances; Coastguard,,
CTItopical00721,Firefighters,"Jobs, businesses and public services",,Emergency services,,
CTItopical00722,Gamekeepers,"Jobs, businesses and public services",,,,
CTItopical00723,Influencer,"Jobs, businesses and public services",,,,
CTItopical00724,Librarians,"Jobs, businesses and public services",,Libraries; Mobile libraries,,
CTItopical00725,Lifeboats,"Jobs, businesses and public services",,Coastguard,,
CTItopical00726,Lollipop people,"Jobs, businesses and public services",Lollipop men; Lollipop women; Crossing guards,,,
CTItopical00727,Markets,"Jobs, businesses and public services",,,,
CTItopical00728,Models,"Jobs, businesses and public services",,,,
CTItopical00729,Nurses,"Jobs, businesses and public services",,,,
CTItopical00730,Paper rounds,"Jobs, businesses and public services",,,,
CTItopical00731,Parcels,"Jobs, businesses and public services",,Postal workers,,
CTItopical00732,Jobs,"Jobs, businesses and public services",People's jobs,,,
CTItopical00733,Paramedics,"Jobs, businesses and public services",,Ambulances; Emergency services,,
CTItopical00734,Police officers,"Jobs, businesses and public services",,,,
CTItopical00735,Postal workers,"Jobs, businesses and public services",Delivery drivers,Parcels,,
CTItopical00736,Postboxes,"Jobs, businesses and public services",Post boxes,,,
CTItopical00737,Post offices,"Jobs, businesses and public services",,,,
CTItopical00738,Sailors,"Jobs, businesses and public services",,,,
CTItopical00739,Servants,"Jobs, businesses and public services",,,,
CTItopical00740,Shepherds,"Jobs, businesses and public services",,,,
CTItopical00741,Shops,"Jobs, businesses and public services",,,,
CTItopical00742,Social workers,"Jobs, businesses and public services",,,,
CTItopical00743,Teachers,"Jobs, businesses and public services",,,,
CTItopical00744,Therapists,"Jobs, businesses and public services",Counsellors,,,
CTItopical00745,Train drivers,"Jobs, businesses and public services",,,,
CTItopical00746,Unemployment,"Jobs, businesses and public services",,,,
CTItopical00747,Vets,"Jobs, businesses and public services",,,,
CTItopical00748,Volunteers,"Jobs, businesses and public services",,,,
CTItopical00749,Window cleaners,"Jobs, businesses and public services",,,,
CTItopical00750,Work,"Jobs, businesses and public services",,Jobs,,
CTItopical01357,Law & Crime,,,,,
CTItopical00751,Anti-social behaviour,Law & Crime,,,,
CTItopical00752,Crime,Law & Crime,,Detectives; Cyber crime,,
CTItopical00753,Cyber crime,Law & Crime,Computer crime; Internet crime,Crime; Cyber attacks,,
CTItopical00754,Fugitives,Law & Crime,,,,
CTItopical00755,Hate crimes,Law & Crime,,,,
CTItopical00756,Highwaymen,Law & Crime,,,,
CTItopical00757,Hijacking,Law & Crime,,,,
CTItopical00758,Hostages,Law & Crime,,Kidnapping,,
CTItopical00759,Kidnapping,Law & Crime,,Hostages,,
CTItopical00760,Littering,Law & Crime,,,,
CTItopical00761,Modern slavery,Law & Crime,,Slavery; People trafficking,"Use to describe works with depictions of modern-day slavery. For depictions of historical slavery, use Slavery",
CTItopical00762,Murder,Law & Crime,,Crime,,
CTItopical00763,Outlaws,Law & Crime,,,,
CTItopical00764,People trafficking,Law & Crime,,Modern slavery,,
CTItopical00765,Poachers,Law & Crime,,,,
CTItopical00766,Police,Law & Crime,,,,
CTItopical00767,Prisons,Law & Crime,,,,
CTItopical00768,Rape,Law & Crime,,,,
CTItopical00769,Riots,Law & Crime,,,,
CTItopical00770,Robbers,Law & Crime,Burglars,Crime; Stealing,,
CTItopical00771,Smuggling,Law & Crime,,,,
CTItopical00772,Terrorism,Law & Crime,,,,
CTItopical00773,Stealing,Law & Crime,Theft,Crime,,
CTItopical00774,Vandalism,Law & Crime,,,,
CTItopical01358,LGBTQ+,,,,,
CTItopical00775,Asexual people,LGBTQ+,,,Individuals who generally do not experience sexual attraction or desire; do not use to describe individuals practicing celibacy or abstinence for religious or cultural reasons.,Homosaurus
CTItopical00776,Bisexual people,LGBTQ+,,,,Homosaurus
CTItopical00777,Cisgender people,LGBTQ+,,,Individuals whose gender identity matches the gender or sex they were assigned at birth.,Homosaurus
CTItopical00778,Coming out,LGBTQ+,,,,Homosaurus
CTItopical00779,Drag performers,LGBTQ+,Drag queens; Drag kings,,,Homosaurus
CTItopical00780,Gay people,LGBTQ+,Gay men,,,Homosaurus
CTItopical00781,Gender identity,LGBTQ+,Gender dysphoria; Gender nonconforming; Gender diverse,,,Homosaurus
CTItopical00782,Gender roles,LGBTQ+,,,Socially-determined rules or standards for expected gendered behaviors.,Homosaurus
CTItopical00783,Intersex people,LGBTQ+,DSDs; Differences in sex development; Divergences in sex development; Hermaphroditism; Intersexuality; VSDs; Variations in sex development,,"An umbrella term for differences in sex traits or reproductive anatomy. The term reflects the fact that there are many possible differences in genitalia, hormones, internal anatomy, and/or chromosomes that are not reflected by the Western binary of male and female.",Homosaurus
CTItopical00784,Lesbians,LGBTQ+,,,,Homosaurus
CTItopical00785,Non-binary people,LGBTQ+,,,,Homosaurus
CTItopical00786,Pansexual people,LGBTQ+,Omnisexual,,"Individuals who self-identify as pansexual, meaning that they are sexually attracted to people of all genders. Some but not all pansexual people also identify as ""gender-blind"" because gender is insignificant or irrelevant in determining their attraction.",Homosaurus
CTItopical00787,Polygamy,LGBTQ+,,,,Homosaurus
CTItopical00788,Pronouns,LGBTQ+,Neopronouns; Personal pronouns,,"Words used in place of a noun. Typically used in the context of ""personal pronouns,"" or pronouns used to describe people (e.g., she, he, they, ze).",Homosaurus
CTItopical00789,Queer people,LGBTQ+,,,"Individuals who identify with non-normative gender and/or sexual identities, typically people who are not heterosexual and/or are not cisgender. Only use for people who identify as queer.",Homosaurus
CTItopical00790,Transgender people,LGBTQ+,,,,Homosaurus
CTItopical00791,Transitioning,LGBTQ+,,,The process of changing one's gender presentation to affirm one's internal sense of gender; can include social or medical transition.,Homosaurus
CTItopical01359,Lifestyles,,,,,
CTItopical00792,Cities,Lifestyles,,Inner cities,,
CTItopical00793,Country life,Lifestyles,Off-grid,,,
CTItopical00794,Countryside,Lifestyles,,,,
CTItopical00795,Inner cities,Lifestyles,,Town life,,
CTItopical00796,Nomadic lifestyle,Lifestyles,Cultural travellers,Travellers,"Used to describe an itinerant lifestyle, where a person or group of people travel from place to place and have no permanent home. May or may not refer to people from ethnic traveller backgrounds.",
CTItopical00797,Self-sufficiency,Lifestyles,,,,
CTItopical00798,Town life,Lifestyles,,,,
CTItopical00799,Village life,Lifestyles,,,,
CTItopical01360,Love and romance,,,,,
CTItopical00800,Consent,Love and romance,Age of consent,,,Homosaurus
CTItopical00801,Dating,Love and romance,,,,
CTItopical00802,Kisses,Love and romance,,,,
CTItopical00803,Love,Love and romance,,Romance,,
CTItopical00804,Relationships,Love and romance,,,,
CTItopical00805,Romance,Love and romance,,Love,,
CTItopical00806,Sex,Love and romance,,,,
CTItopical01361,Mental health and wellbeing,,,,,
CTItopical00807,Anxiety,Mental health and wellbeing,Social anxiety,Worry,,https://www.nhs.uk/mental-health/conditions/
CTItopical00808,Bipolar disorder,Mental health and wellbeing,,,,https://www.nhs.uk/mental-health/conditions/
CTItopical00809,Body dysmorphic disorder,Mental health and wellbeing,Body dysmorphia; BDD,,,https://www.nhs.uk/mental-health/conditions/
CTItopical00810,Therapy,Mental health and wellbeing,Counselling; Psychotherapy,,,https://www.nhsinform.scot/tests-and-treatments/counselling-and-therapies/counselling-and-psychotherapy#different-therapies-and-how-they-work
CTItopical00811,Depression,Mental health and wellbeing,,Postnatal depression,,https://www.nhs.uk/mental-health/conditions/
CTItopical00812,Eating disorders,Mental health and wellbeing,Anorexia nervosa; Bulimia; Binge eating disorder; OSFED; Avoidant/restrictive food intake disorder; Pica,,,https://www.nhs.uk/mental-health/conditions/
CTItopical00813,Insomnia,Mental health and wellbeing,,,,FAST
CTItopical00814,Mental health,Mental health and wellbeing,Mental illness,,,https://www.samh.org.uk/documents/SAMH_Understanding_Mental_Health_Problems.pdf
CTItopical00815,Mindfulness,Mental health and wellbeing,,,,https://www.samh.org.uk/documents/SAMH_Understanding_Mental_Health_Problems.pdf
CTItopical00816,Munchausen syndrome,Mental health and wellbeing,,,,MeSH
CTItopical00817,Obsessive compulsive disorder,Mental health and wellbeing,OCD,,,https://www.nhs.uk/mental-health/conditions/
CTItopical00818,Panic disorder,Mental health and wellbeing,Panic attacks,,,https://www.nhs.uk/mental-health/conditions/
CTItopical00819,Personality disorder,Mental health and wellbeing,Borderline personality disorder,,,https://www.nhs.uk/mental-health/conditions/
CTItopical00820,Phobias,Mental health and wellbeing,Agoraphobia; Claustrophobia,Fear,,https://www.nhs.uk/mental-health/conditions/
CTItopical00821,Postnatal depression,Mental health and wellbeing,,Depression,,https://www.nhs.uk/mental-health/conditions/
CTItopical00822,Post-traumatic stress disorder,Mental health and wellbeing,PTSD,,,https://www.nhs.uk/mental-health/conditions/
CTItopical00823,Psychosis,Mental health and wellbeing,,,,https://www.nhs.uk/mental-health/conditions/
CTItopical00824,Schizophrenia,Mental health and wellbeing,,,,https://www.nhs.uk/mental-health/conditions/
CTItopical00825,Seasonal Affective Disorder,Mental health and wellbeing,SAD,,,https://www.nhs.uk/mental-health/conditions/
CTItopical00826,Self care,Mental health and wellbeing,,,,https://www.samh.org.uk/documents/SAMH_Understanding_Mental_Health_Problems.pdf
CTItopical00827,Self harm,Mental health and wellbeing,,,,https://www.nhsinform.scot/illnesses-and-conditions/mental-health
CTItopical00833,Money,,,,,
CTItopical00828,Budgeting,Money,,,,
CTItopical00829,Food banks,Money,,Food supply,,
CTItopical00830,Fund raising,Money,,,,
CTItopical00831,Gambling,Money,,Problem gambling,,
CTItopical00832,Lottery,Money,,,,
CTItopical00834,Treasure,Money,,,,
CTItopical00846,Musical instruments,,,Music,,
CTItopical00835,Bagpipes,Musical instruments,,,,
CTItopical00836,Bass guitars,Musical instruments,,,,
CTItopical00837,Bells,Musical instruments,,,,
CTItopical00838,Cellos,Musical instruments,,,,
CTItopical00839,Clarinets,Musical instruments,,,,
CTItopical00840,Double basses,Musical instruments,,,,
CTItopical00841,Drums,Musical instruments,,Percussion,,
CTItopical00842,Flutes,Musical instruments,,,,
CTItopical00843,Guitars,Musical instruments,,,,
CTItopical00844,Horns,Musical instruments,,,,
CTItopical00845,Keyboards,Musical instruments,,,,
CTItopical00847,Percussion,Musical instruments,,Drums,,
CTItopical00848,Pianos,Musical instruments,,Keyboards,,
CTItopical00849,Recorders,Musical instruments,,,,
CTItopical00850,Saxophones,Musical instruments,,,,
CTItopical00851,Trombones,Musical instruments,,,,
CTItopical00852,Trumpets,Musical instruments,,,,
CTItopical00853,Violins,Musical instruments,,,,
CTItopical00854,Xylophones,Musical instruments,,,,
CTItopical01362,Neurodiversity,,,,,
CTItopical00855,ADHD,Neurodiversity,Attention deficit hyperactivity disorder; Attention deficit disorder,,,NHS Inform
CTItopical00856,Autism,Neurodiversity,Autism Spectrum Disorder; Asperger's syndrome; Asperger syndrome; Hypersensitivity; Hyposensitivity; Hyperfocus,Nonverbal,,NHS Inform
CTItopical00857,Hyperactivity,Neurodiversity,,,,NHS Inform
CTItopical00858,Neurodivergent,Neurodiversity,,Neurotypical,,CHTNUK Inclusive Terminology Glossary
CTItopical00859,Neurotypical,Neurodiversity,,Neurodivergent,,CHTNUK Inclusive Terminology Glossary
CTItopical00860,Pathological demand avoidance,Neurodiversity,Pathological demand avoidance syndrome,Autism,,National Autistic Society
CTItopical00861,Mutism,Neurodiversity,,,,CHTNUK Inclusive Terminology Glossary
CTItopical01363,People (by group),,,,,
CTItopical00862,Aboriginal people,People (by group),,,,CHTNUK Inclusive Terminology Glossary
CTItopical00863,Adults,People (by group),Grown-ups,,,
CTItopical00864,African Americans,People (by group),,Black people,,CHTNUK Inclusive Terminology Glossary
CTItopical00865,Black British,People (by group),,Black people,,CHTNUK Inclusive Terminology Glossary
CTItopical00866,British Asians,People (by group),,,,
CTItopical00867,Black people,People (by group),,,,
CTItopical00868,Boys,People (by group),,,,
CTItopical00869,Cannibals,People (by group),,,,
CTItopical00870,Children,People (by group),,,,
CTItopical00871,Cowboys,People (by group),,Wild West,,
CTItopical00872,Disabled people,People (by group),People with disabilities; The Disabled,,,CHTNUK Inclusive Terminology Glossary
CTItopical00873,Evacuees,People (by group),,,,
CTItopical00874,Girls,People (by group),,,,
CTItopical00875,Travellers,People (by group),Gypsies; Roma; Showpeople; Boaters; GTRSB,Nomadic lifestyle,,CHTNUK Inclusive Terminology Glossary
CTItopical00876,Immigrants,People (by group),,,,
CTItopical00877,Inuit,People (by group),Eskimos,,,
CTItopical00878,Kings,People (by group),,,,
CTItopical00879,Maori people,People (by group),,,,CHTNUK Inclusive Terminology Glossary
CTItopical00880,Men,People (by group),,,,
CTItopical01378,Mixed race people,People (by group),Mixed race; Mixed-race people; Racially mixed people; Biracial people; Interracial people; Multiracial people,,,
CTItopical00882,Native Americans,People (by group),"Indians, North American",,,
CTItopical00883,Older people,People (by group),Elderly people,Old age,,
CTItopical00884,Penfriends,People (by group),,Letters; Friendship,,
CTItopical00885,People,People (by group),,,,
CTItopical00886,Princes,People (by group),,,,
CTItopical00887,Princesses,People (by group),,,,
CTItopical00888,Queens,People (by group),,,,
CTItopical00889,Refugees,People (by group),Asylum seekers; People seeking asylum,,,
CTItopical00890,Teenagers,People (by group),,,,
CTItopical00891,Women,People (by group),,,,
CTItopical01364,Performing arts,,,,,
CTItopical00892,Acting,Performing arts,,,,
CTItopical00893,Ballet,Performing arts,,Dance,,
CTItopical00894,Circuses,Performing arts,,,,
CTItopical00895,Classical music,Performing arts,,,,
CTItopical00896,Clowns,Performing arts,,,,
CTItopical00897,Dance,Performing arts,,Ballet,,
CTItopical00898,Films,Performing arts,,,,
CTItopical00899,Folk music,Performing arts,Traditional music,,,
CTItopical00900,Jazz,Performing arts,,,,
CTItopical00901,Lullabies,Performing arts,,,,
CTItopical00902,Music,Performing arts,,Musical instruments,,
CTItopical00903,Opera,Performing arts,,,,
CTItopical01332,Plays,Performing arts,School plays,,,
CTItopical00904,Pop music,Performing arts,,,,
CTItopical00905,Radio,Performing arts,,,,
CTItopical00906,Rap music,Performing arts,,,,
CTItopical00907,Rock music,Performing arts,,,,
CTItopical00908,Singing,Performing arts,Songs,,,
CTItopical00909,Singing games,Performing arts,,,,
CTItopical00910,Television,Performing arts,,,,
CTItopical00911,Theatre,Performing arts,,Acting,,
CTItopical00912,Whistling,Performing arts,,,,
CTItopical01365,Politics and government,,,,,
CTItopical00913,Activism,Politics and government,Child activism,,,
CTItopical00914,Animal rights,Politics and government,,Factory farming,,
CTItopical00915,Antinuclear protest,Politics and government,,Atomic bomb,,
CTItopical00916,Apartheid,Politics and government,,Discrimination,,
CTItopical00917,Censorship,Politics and government,,,,
CTItopical00918,Children's rights,Politics and government,,,,
CTItopical00919,Citizenship,Politics and government,,,,
CTItopical00920,Colonisation,Politics and government,,,,
CTItopical00921,Democracy,Politics and government,,,,
CTItopical00922,Extremism,Politics and government,,,,
CTItopical00923,Fascism,Politics and government,,,,
CTItopical00924,Human rights,Politics and government,,,,
CTItopical00925,Politics,Politics and government,,,,
CTItopical00926,Protests,Politics and government,,,,
CTItopical00927,Strikes,Politics and government,Schoolchildren strikes,,,
CTItopical01380,Totalitarianism,Politics and government,Dictatorship; Oppressive regimes,,,
CTItopical00928,Voting,Politics and government,,,,
CTItopical00929,Women's rights,Politics and government,,,,
CTItopical01366,Religion and morality,,,,,
CTItopical00930,Adam and Eve,Religion and morality,,,,
CTItopical00931,Afterlife,Religion and morality,,,,
CTItopical00932,Angels,Religion and morality,,,,
CTItopical00933,Agnosticism,Religion and morality,,,,
CTItopical00934,Animism,Religion and morality,,,,
CTItopical00935,Atheism ,Religion and morality,, ,,
CTItopical00936,Baptism,Religion and morality,Christening,Naming ceremonies,"Refers to the Christian sacrament of admission or initiation using water. Also commonly referred to as Christening, although strictly speaking Christening is a Christian naming ceremony that usually (but not always) takes place as part of the sacrament of Baptism.",
CTItopical00937,Bible,Religion and morality,,,,
CTItopical00938,Buddha,Religion and morality,,,,
CTItopical00939,Buddhism,Religion and morality,,,,
CTItopical00940,Buddhists,Religion and morality,,,,
CTItopical00941,Catholicism,Religion and morality,,Christianity,,
CTItopical00942,Celebrants,Religion and morality,,,,
CTItopical00943,Christianity,Religion and morality,,Jesus Christ,,
CTItopical00944,Christians,Religion and morality,,,,
CTItopical00945,Churches,Religion and morality,,,,
CTItopical00946,Convents,Religion and morality,,,,
CTItopical00947,Creation,Religion and morality,,,,
CTItopical00948,Druidism,Religion and morality,,Paganism,,
CTItopical00949,Druids,Religion and morality,,Pagans,,
CTItopical00950,Evil,Religion and morality,,,,
CTItopical00951,God,Religion and morality,,,,
CTItopical00952,Goddesses,Religion and morality,,,,
CTItopical00953,Gods,Religion and morality,,,,
CTItopical00954,Gurdwaras,Religion and morality,,,,
CTItopical00955,Hinduism,Religion and morality,,,,
CTItopical00956,Hindus,Religion and morality,,,,
CTItopical00957,Humanism,Religion and morality,,,,
CTItopical00958,Humanists,Religion and morality,,,,
CTItopical00959,Imams,Religion and morality,,,,
CTItopical00960,Islam,Religion and morality,,,,
CTItopical00961,Jesus Christ,Religion and morality,Christ,Christianity,,
CTItopical00962,Jews,Religion and morality,,,,
CTItopical00963,Jonah,Religion and morality,,,,
CTItopical00964,Joseph,Religion and morality,,,,
CTItopical00965,Judaism,Religion and morality,,,,
CTItopical00966,Mary,Religion and morality,Virgin Mary,,,
CTItopical00967,Meditation,Religion and morality,,,,
CTItopical00968,Ministers,Religion and morality,Vicar; Pastor,,,
CTItopical00969,Miracles,Religion and morality,,,,
CTItopical00970,Monasteries,Religion and morality,,,,
CTItopical00971,Monks,Religion and morality,,,,
CTItopical00972,Monotheism,Religion and morality,,,,
CTItopical00973,Moses,Religion and morality,,,,
CTItopical00974,Mosques,Religion and morality,,,,
CTItopical00975,Muhammad,Religion and morality,Prophet Muhammad,,,
CTItopical00976,Muslims,Religion and morality,Moslems,,,
CTItopical00977,Naming ceremonies,Religion and morality,,Christenings,,
CTItopical00978,Nativity plays,Religion and morality,,,,
CTItopical00979,Noah's ark,Religion and morality,Ark,,,
CTItopical00980,Nuns,Religion and morality,,,,
CTItopical00981,Paganism,Religion and morality,Neopaganism,Druids; Druidism,,
CTItopical00982,Pagans,Religion and morality,Neopagans,,,
CTItopical00983,Pantheism,Religion and morality,,,,
CTItopical00984,Philosophy,Religion and morality,,,,
CTItopical00985,Pilgrims,Religion and morality,,,,
CTItopical00986,Prayer,Religion and morality,,,,
CTItopical00987,Priests,Religion and morality,,,,
CTItopical00988,Protestantism,Religion and morality,,Christianity,,
CTItopical00989,Rabbis,Religion and morality,,,,
CTItopical00990,Religions,Religion and morality,,,,
CTItopical00991,Cults,Religion and morality,Religious cults,,,
CTItopical00992,Saints,Religion and morality,,,,
CTItopical00993,Senseis,Religion and morality,,,,
CTItopical00994,Sikhism,Religion and morality,,,,
CTItopical00995,Sikhs,Religion and morality,,,,
CTItopical00996,Spirituality,Religion and morality,,,,
CTItopical00997,Synagogues,Religion and morality,,,,
CTItopical00998,Temples,Religion and morality,,,,
CTItopical01367,School and education,,,,,
CTItopical00999,Additional support needs,School and education,,,"Some children and young people require support that is additional to, or different from, that received by children or young people of the same age to ensure they benefit from education. Additional support needs can be both long- and short-term.",
CTItopical01000,Changing school,School and education,,,,
CTItopical01001,Forest schools,School and education,,,"Forest school is an outdoor education delivery model in which students visit natural spaces to learn personal, social and technical skills. ",
CTItopical01002,Homework,School and education,,,,
CTItopical01003,Learning,School and education,,,,
CTItopical01004,Nursery school,School and education,,,,
CTItopical01005,Online learning,School and education,,,,
CTItopical01006,Outdoor education,School and education,,,,
CTItopical01007,Primary school,School and education,,School,,
CTItopical01008,School,School and education,,Changing school,,
CTItopical01009,School trips,School and education,,,,
CTItopical01010,Secondary school,School and education,High school,School,,
CTItopical01011,Starting school,School and education,,,,
CTItopical01012,Students,School and education,,,,
CTItopical01013,Truancy,School and education,,,,
CTItopical01368,Science and nature,,,,,
CTItopical01014,Archaeology,Science and nature,,,,
CTItopical01015,Biodiversity,Science and nature,,,,
CTItopical01016,Biology,Science and nature,,,,
CTItopical01017,Caves,Science and nature,,,,
CTItopical01018,Chemistry,Science and nature,,,,
CTItopical01019,Cloning,Science and nature,,,,
CTItopical01020,Coal,Science and nature,,Mines; Fossil fuels,,
CTItopical01021,Conservation,Science and nature,,Ecology; Environment,,
CTItopical01022,Deserts,Science and nature,,,,
CTItopical01023,Echo,Science and nature,,,,
CTItopical01024,Ecology,Science and nature,,Conservation,,
CTItopical01025,Environment,Science and nature,,Conservation,,
CTItopical01026,Evolution,Science and nature,,,,
CTItopical01027,Experiments,Science and nature,,,,
CTItopical01028,Extinction,Science and nature,,Endangered animals,,
CTItopical01029,Floating,Science and nature,,,,
CTItopical01030,Flowers,Science and nature,,,,
CTItopical01031,Fog,Science and nature,,,,
CTItopical01032,Forests,Science and nature,Woods; Woodland,Rainforests,,
CTItopical01033,Fossil fuels,Science and nature,,Coal,,
CTItopical01034,Fungi,Science and nature,,,,
CTItopical01035,Fossils,Science and nature,,,,
CTItopical01036,Genetics,Science and nature,,,,
CTItopical01037,Geography,Science and nature,,,,
CTItopical01038,Gold,Science and nature,,,,
CTItopical01039,Gravity,Science and nature,,,,
CTItopical01040,Habitats,Science and nature,,,,
CTItopical01041,Hibernation,Science and nature,,,,
CTItopical01042,Hydroelectric energy,Science and nature,Water power,,,
CTItopical01043,Islands,Science and nature,,,,
CTItopical01044,Jungles,Science and nature,,,,
CTItopical01045,Lakes,Science and nature,Lochs,,,
CTItopical01046,Leaves,Science and nature,,,,
CTItopical01047,Mines,Science and nature,Coal mines; Iron mines,Coal,"Refers to mining of coal, iron etc, not explosive land mines.",
CTItopical01048,Mirrors,Science and nature,,,,
CTItopical01049,Mountains,Science and nature,,,,
CTItopical01050,Nature,Science and nature,,,,
CTItopical01051,Nuclear accidents,Science and nature,,,,
CTItopical01052,Nuclear energy,Science and nature,,,,
CTItopical01053,Outdoors,Science and nature,,,,
CTItopical01054,Physics,Science and nature,,,,
CTItopical01055,Plants,Science and nature,,,,
CTItopical01056,Plastics,Science and nature,,,,
CTItopical01057,Pollution,Science and nature,,Environment; Recycling,,
CTItopical01058,Ponds,Science and nature,,,,
CTItopical01059,Rainforests,Science and nature,,Forests,,
CTItopical01060,Recycling,Science and nature,,Conservation,,
CTItopical01061,Renewable energy,Science and nature,,Wind energy; Solar energy,,
CTItopical01062,Rewilding,Science and nature,,,,
CTItopical01063,Rivers,Science and nature,Streams,,,
CTItopical01064,Rubbish,Science and nature,,,,
CTItopical01065,Sand,Science and nature,,,,
CTItopical01066,Science,Science and nature,,,,
CTItopical01067,Sea,Science and nature,Oceans,,,
CTItopical01068,Seaside,Science and nature,Beach,,,
CTItopical01333,Seeds,Science and nature,,,,
CTItopical01069,Shells,Science and nature,,,,
CTItopical01070,Silver,Science and nature,,,,
CTItopical01071,Sky,Science and nature,,,,
CTItopical01072,Solar energy,Science and nature,,,,
CTItopical01073,Steel,Science and nature,,,,
CTItopical01074,Sustainability,Science and nature,,,,
CTItopical01075,Trees,Science and nature,,Forests,,
CTItopical01076,Underground,Science and nature,,,,
CTItopical01077,Underwater,Science and nature,,,,
CTItopical01078,Volcanoes,Science and nature,,,,
CTItopical01079,Water,Science and nature,,,,
CTItopical01080,Wind energy,Science and nature,,,,
CTItopical01081,Woodlands,Science and nature,,Forests,,
CTItopical01369,Social themes,,,,,
CTItopical01082,Abortion,Social themes,,,,
CTItopical01083,Advertising,Social themes,,,,
CTItopical01084,Ambitions,Social themes,,,,
CTItopical01085,Anti-racism,Social themes,,Racism,,
CTItopical01086,Black Lives Matter movement,Social themes,,,,
CTItopical01087,Bullying,Social themes,,Cyberbullying,,
CTItopical01088,Child abuse,Social themes,,Sexual abuse; Fabricated or induced illness,,
CTItopical01089,Child labour,Social themes,,,,
CTItopical01090,Child neglect,Social themes,,,,
CTItopical01091,Childhood,Social themes,,,,
CTItopical01092,Consequences,Social themes,,,,
CTItopical01093,Contraception,Social themes,,,,
CTItopical01094,Cyberbullying,Social themes,Cyber bullying; Online bullying,Bullying,,
CTItopical01095,Death,Social themes,,Suicide; Funerals,,
CTItopical01096,Domestic violence,Social themes,Family violence; Household violence; Spousal abuse; Partner violence; Partner abuse,Violence; Gender-based violence,,
CTItopical01097,Drugs,Social themes,,,,
CTItopical01098,Migration,Social themes,Emigration; Immigration,,,
CTItopical01099,Feminism,Social themes,,Anti-sexism; Sexism,,
CTItopical01100,Food supply,Social themes,,Food banks,,FAST
CTItopical01101,Friendship,Social themes,,Imaginary friends; Penfriends,,
CTItopical01102,Gangs,Social themes,,,,
CTItopical01103,Gender-based violence,Social themes,,Domestic violence; Violence,,
CTItopical01104,Solvent abuse,Social themes,Glue sniffing, ,,
CTItopical01105,Grooming,Social themes,,,,
CTItopical01106,Homelessness,Social themes,,Missing persons,,
CTItopical01107,Homophobia,Social themes,,,,
CTItopical01108,Housing issues,Social themes,,,,
CTItopical01109,Lies,Social themes,,,,
CTItopical01118,Missing persons,Social themes,Runaways; Missing children; Lost children,Homelessness,,
CTItopical01110,Manners,Social themes,,Table manners,,
CTItopical01111,MeToo movement,Social themes,,,,
CTItopical01112,Non-conformity,Social themes,,,,
CTItopical01113,Anti-sexism,Social themes,,Feminism; Sexism,,
CTItopical01114,Poverty,Social themes,,Social class,,
CTItopical01115,Discrimination,Social themes,Prejudice,,,
CTItopical01116,Racism,Social themes,,Apartheid; Anti-racism,,
CTItopical01117,Religious hatred,Social themes,,Sectarianism,,
CTItopical01119,Sectarianism,Social themes,,Religious hatred,,
CTItopical01120,Sexism,Social themes,Misogyny,Anti-sexism; Feminism,,
CTItopical01121,Sexual abuse,Social themes,,Child abuse,,
CTItopical01122,Sharing,Social themes,,,,
CTItopical01123,Social class,Social themes,,Poverty,,
CTItopical01124,Stalkers,Social themes,,,,
CTItopical01125,Suicide,Social themes,,Death,,
CTItopical01126,Transphobia,Social themes,,,,
CTItopical01127,Trauma,Social themes,,,,
CTItopical01128,Violence,Social themes,,Gender-based violence; Domestic violence,,
CTItopical01135,Space,,,,,
CTItopical01129,Astronomy,Space,,,,
CTItopical01130,Earth,Space,,,,
CTItopical01131,Moon,Space,,,,
CTItopical01132,Planets,Space,,,,
CTItopical01133,Rockets,Space,,Space,,
CTItopical01134,Satellites,Space,, ,,
CTItopical01136,Spaceships,Space,Space ships,,,
CTItopical01137,Stars,Space,,,,
CTItopical01138,Sun,Space,,,,
CTItopical01370,Sport and recreation,,,,,
CTItopical01139,American football,Sport and recreation,,,,
CTItopical01140,Athletics,Sport and recreation,,,,
CTItopical01141,Baseball,Sport and recreation,,,,
CTItopical01142,Basketball,Sport and recreation,,,,
CTItopical01143,Board games,Sport and recreation,,,,
CTItopical01144,Weight lifting,Sport and recreation,Body building,,,
CTItopical01145,Boxing,Sport and recreation,,,,
CTItopical01146,Bullfights,Sport and recreation,,,,
CTItopical01147,Camping,Sport and recreation,,,,
CTItopical01148,Caving,Sport and recreation,,,,
CTItopical01149,Chess,Sport and recreation,,,,
CTItopical01150,Children's games,Sport and recreation,,,,
CTItopical01151,Climbing,Sport and recreation,,,,
CTItopical01152,Competitions,Sport and recreation,,Prizes,,
CTItopical01153,Cricket,Sport and recreation,,,,
CTItopical01154,Cycling,Sport and recreation,,,,
CTItopical01155,Exercise,Sport and recreation,,Gyms,,
CTItopical01156,Fishing,Sport and recreation,,,,
CTItopical01157,Football,Sport and recreation,,American football,,
CTItopical01158,Girl Guides,Sport and recreation,,,,
CTItopical01159,Golf,Sport and recreation,Crazy Golf,,,
CTItopical01160,Guessing games,Sport and recreation,,,,
CTItopical01161,Gymnastics,Sport and recreation,,,,
CTItopical01162,Gyms,Sport and recreation,,Exercise,,
CTItopical01163,Highland games,Sport and recreation,,,,
CTItopical01164,Hobbies,Sport and recreation,,,,
CTItopical01165,Ice hockey,Sport and recreation,,,,
CTItopical01166,Horse racing,Sport and recreation,,,,
CTItopical01167,Horse riding,Sport and recreation,,,,
CTItopical01168,Hunting,Sport and recreation,,,,
CTItopical01169,Juggling,Sport and recreation,,,,
CTItopical01170,Jumping,Sport and recreation,,,,
CTItopical01171,Martial arts,Sport and recreation,,,,
CTItopical01172,Mazes,Sport and recreation,,,,
CTItopical01173,Memory games,Sport and recreation,,,,
CTItopical01174,Netball,Sport and recreation,,,,
CTItopical01175,Olympic Games,Sport and recreation,,,,
CTItopical01176,Parachuting,Sport and recreation,,,,
CTItopical01177,Paralympic Games,Sport and recreation,,,,
CTItopical01178,Parks,Sport and recreation,,Safari parks,,
CTItopical01179,Pool,Sport and recreation,Swimming pool,Swimming,,
CTItopical01180,Prizes,Sport and recreation,,Competitions,,
CTItopical01181,Puzzles,Sport and recreation,,,,
CTItopical01182,Races,Sport and recreation,,,,
CTItopical01183,Role-playing games,Sport and recreation,Fantasy games; RPGs,,,
CTItopical01184,Rugby,Sport and recreation,,,,
CTItopical01185,Running,Sport and recreation,,,,
CTItopical01186,School sports,Sport and recreation,,,,
CTItopical01187,Scouts,Sport and recreation,,,,
CTItopical01188,Skateboarding ,Sport and recreation,,,,
CTItopical01189,Skating ,Sport and recreation,,,,
CTItopical01190,Skiing ,Sport and recreation,,,,
CTItopical01191,Sledging,Sport and recreation,,,,
CTItopical01192,Snooker,Sport and recreation,,,,
CTItopical01193,Special Olympics,Sport and recreation,,,,
CTItopical01194,Sport,Sport and recreation,,,,
CTItopical01195,Surfing,Sport and recreation,,,,
CTItopical01196,Swimming,Sport and recreation,,Pool,,
CTItopical01197,Tennis,Sport and recreation,,,,
CTItopical01198,Trampolining ,Sport and recreation,,,,
CTItopical01199,Videogames,Sport and recreation,Minecraft,,,
CTItopical01200,Walking,Sport and recreation,,,,
CTItopical01201,Wrestling,Sport and recreation,,,,
CTItopical01202,Yoga,Sport and recreation,,,,
CTItopical01371,Technology,,,,,
CTItopical01203,Artificial intelligence,Technology,,,,
CTItopical01204,Augmented reality,Technology,,Virtual reality,,
CTItopical01205,Clocks,Technology,,,,
CTItopical01206,Clockwork,Technology,,,,
CTItopical01207,Drones,Technology,,,,
CTItopical01208,Holograms,Technology,,,,
CTItopical01209,Inventions,Technology,,,,
CTItopical01210,Keys,Technology,,,,
CTItopical01211,Machines,Technology,,,,
CTItopical01212,Photography,Technology,Photographs,,,
CTItopical01213,Robots,Technology,,,,
CTItopical01214,Scissors,Technology,,,,
CTItopical01215,Telescopes,Technology,,,,
CTItopical01216,Videos,Technology,,,,
CTItopical01217,Virtual reality,Technology,,Augmented reality,,
CTItopical01218,Watermills,Technology,,,,
CTItopical01219,Woodwork,Technology,Carpentry,,,
CTItopical01372,"Toys, dolls and puppets",,,,,
CTItopical01220,Balloons,"Toys, dolls and puppets",,,,
CTItopical01221,Balls,"Toys, dolls and puppets",,,,
CTItopical01222,Bears (toys),"Toys, dolls and puppets",,,,
CTItopical01223,Conkers,"Toys, dolls and puppets",,,,
CTItopical01224,Dolls,"Toys, dolls and puppets",,,,
CTItopical01225,Dolls' houses,"Toys, dolls and puppets",,,,
CTItopical01226,Kites,"Toys, dolls and puppets",,,,
CTItopical01227,Marbles,"Toys, dolls and puppets",,,,
CTItopical01228,Masks,"Toys, dolls and puppets",,,,
CTItopical01229,Punch and Judy,"Toys, dolls and puppets",,,,
CTItopical01230,Puppets,"Toys, dolls and puppets",,,,
CTItopical01231,Scarecrows,"Toys, dolls and puppets",,,,
CTItopical01232,Toys,"Toys, dolls and puppets",,,,
CTItopical01373,Transportation,,,,,
CTItopical01233,Planes,Transportation,,,,
CTItopical01234,Airports,Transportation,,,,
CTItopical01235,Barges,Transportation,,,,
CTItopical01236,Bicycles,Transportation,,,,
CTItopical01237,Boats,Transportation,,Ships,,
CTItopical01238,Buses,Transportation,,,,
CTItopical01239,Canals,Transportation,,,,
CTItopical01240,Canoes,Transportation,,,,
CTItopical01241,Caravans,Transportation,,,,
CTItopical01242,Cars,Transportation,,,,
CTItopical01243,Driving,Transportation,,,,
CTItopical01244,Electric vehicles,Transportation,,,,
CTItopical01245,Lorries,Transportation,,,,
CTItopical01246,Mopeds,Transportation,,,,
CTItopical01247,Motorbikes,Transportation,,,,
CTItopical01248,Railways,Transportation,,Trains,,
CTItopical01249,Road safety,Transportation,,,,
CTItopical01250,Roads ,Transportation,,,,
CTItopical01251,Roundabouts,Transportation,,,,
CTItopical01252,Sailing,Transportation,,Boats,,
CTItopical01253,Scooters,Transportation,,,,
CTItopical01254,Ships,Transportation,,Boats,,
CTItopical01255,Traffic,Transportation,,Transport,,
CTItopical01256,Trains,Transportation,,Railways,,
CTItopical01257,Transport,Transportation,,Traffic,,
CTItopical01258,Wheels,Transportation,,,,
CTItopical01374,War and military,,,,,
CTItopical01259,Army,War and military,,,,
CTItopical01260,Atomic bomb,War and military,,,,
CTItopical01261,Battles,War and military,,War,,
CTItopical01262,Bombs,War and military,,Atomic bomb,,
CTItopical01263,Cyber attacks,War and military,Cyber warfare; Cyber terrorism,Cyber crime,,
CTItopical01264,Nuclear war,War and military,,,,
CTItopical01265,Revolutions,War and military,,,,
CTItopical01266,Soldiers,War and military,,,,
CTItopical01336,Torture,War and military,,,,
CTItopical01267,War,War and military,,Nuclear war,,
CTItopical01268,Warriors,War and military,,,,
CTItopical01375,Weather and natural disasters,,,,,
CTItopical01269,Avalanches,Weather and natural disasters,,,,
CTItopical01270,Clouds,Weather and natural disasters,,,,
CTItopical01271,Disasters,Weather and natural disasters,,,,
CTItopical01272,Drought,Weather and natural disasters,,,,
CTItopical01273,Earthquakes,Weather and natural disasters,,,,
CTItopical01274,Famine ,Weather and natural disasters,,,,
CTItopical01275,Fire,Weather and natural disasters,,Bonfires,,
CTItopical01276,Floods,Weather and natural disasters,,,,
CTItopical01277,Climate change,Weather and natural disasters,Climate emergency; Global warming,,,
CTItopical01278,Hailstones,Weather and natural disasters,,,,
CTItopical01279,Heatwaves,Weather and natural disasters,Heat waves,,,
CTItopical01280,Hurricanes,Weather and natural disasters,,,,
CTItopical01281,Ice,Weather and natural disasters,,,,
CTItopical01282,Landslides,Weather and natural disasters,Land slides,,,
CTItopical01283,Ozone layer,Weather and natural disasters,Ozone hole; Ozone layer depletion,,,
CTItopical01284,Rain,Weather and natural disasters,,,,
CTItopical01285,Rainbows,Weather and natural disasters,,,,
CTItopical01286,Snow,Weather and natural disasters,,Winter,,
CTItopical01287,Storms,Weather and natural disasters,,,,
CTItopical01288,Sunrise,Weather and natural disasters,,,,
CTItopical01289,Tornadoes,Weather and natural disasters,,,,
CTItopical01290,Tsunamis,Weather and natural disasters,,,,
CTItopical01291,Umbrellas,Weather and natural disasters,,,,
CTItopical01292,Weather,Weather and natural disasters,,,,
CTItopical01293,Wind,Weather and natural disasters,,,,
CTItopical01376,Centuries,,,,,
CTItopical01295,1st century,Centuries,,,,
CTItopical01296,2nd century,Centuries,,,,
CTItopical01297,3rd century,Centuries,,,,
CTItopical01298,4th century,Centuries,,,,
CTItopical01299,5th century,Centuries,,,,
CTItopical01300,6th century,Centuries,,,,
CTItopical01301,7th century,Centuries,,,,
CTItopical01302,8th century,Centuries,,,,
CTItopical01303,9th century,Centuries,,,,
CTItopical01304,10th century,Centuries,,,,
CTItopical01305,11th century,Centuries,,,,
CTItopical01306,12th century,Centuries,,,,
CTItopical01307,13th century,Centuries,,,,
CTItopical01308,14th century,Centuries,,,,
CTItopical01309,15th century,Centuries,,,,
CTItopical01310,16th century,Centuries,,,,
CTItopical01311,17th century,Centuries,,,,
CTItopical01312,18th century,Centuries,,,,
CTItopical01313,19th century,Centuries,,,,
CTItopical01314,20th century,Centuries,,,,
CTItopical01315,21st century,Centuries,,,,
CTItopical01379,Decades,,,,,
CTItopical01316,1900s,Decades,,,,
CTItopical01317,1910s,Decades,,,,
CTItopical01318,1920s,Decades,,,,
CTItopical01319,1930s,Decades,,,,
CTItopical01320,1940s,Decades,,,,
CTItopical01321,1950s,Decades,,,,
CTItopical01322,1960s,Decades,,,,
CTItopical01323,1970s,Decades,,,,
CTItopical01324,1980s,Decades,,,,
CTItopical01325,1990s,Decades,,,,
CTItopical01326,2000s,Decades,,,,
CTItopical01327,2010s,Decades,,,,
CTItopical01328,2020s,Decades,,,,
